aemdev,14
apm,14
axwaydev,14
axwaytest,14
docker-docker,14
filebeat-cenpasdev,14
filebeat-gaanalytics,14
filebeat-primary,14
filebeat-prod-gaanalytics,14
filebeat-providertest,14
filebeat-test-gaanalytics,14
filebeat-trucare-tomcat-processing,14
gelf,14
hiedev-filebeat,14
hietest-filebeat,14
k8s-capi-prod-dmz,14
k8s-dev-chp,14
k8s-dev-claimsedw,14
k8s-dev-eil,14
k8s-dev-hie,14
k8s-dev-memberumv,14
k8s-dev-provider,14
k8s-dev-tcnextgen,14
k8s-pots-prod,14
k8s-pots-staging,14
k8s-pots-vault,14
k8s-prod-chp,14
k8s-prod-claimsedw,14
k8s-prod-provider,14
k8s-prod-tcnextgen,14
k8s-test-businessrules,14
k8s-test-chp,14
k8s-test-claimsedw,14
k8s-test-eil,14
k8s-test-memberumv,14
k8s-test-provider,14
k8s-test-tcnextgen,14
k8s-web,14
k8s-web-filebeat,14
k8s_capi_dev,14
k8s_capi_prod,14
k8s_capi_test,14
kubernetes-kubernetes,14
kubernetes-pots,14
metricbeat,14
netapp-perf,14
packetbeat,14
porticorefresh,14
porticorefreshprod,14
stllxts1,14
syslog,14
tplrtest,14
winlogbeat,14
